{
  "version": "1.0",
  "defaultProvider": "cdnjs",
  "libraries": [
    {
      "library": "font-awesome@5.13.0",
      "destination": "wwwroot/lib/font-awesome/"
    },
    {
      "library": "fullcalendar@3.10.2",
      "destination": "wwwroot/lib/fullcalendar/",
      "files": [
        "fullcalendar.css",
        "fullcalendar.js",
        "fullcalendar.min.css",
        "fullcalendar.min.js",
        "fullcalendar.print.css",
        "fullcalendar.print.min.css",
        "gcal.min.js",
        "gcal.js",
        "locale/zh-tw.min.js",
        "locale/zh-tw.js",
        "locale/zh-hk.min.js",
        "locale/zh-hk.js",
        "locale/zh-cn.min.js",
        "locale/zh-cn.js",
        "locale/vi.min.js",
        "locale/vi.js",
        "locale/uk.min.js",
        "locale/uk.js",
        "locale/tr.min.js",
        "locale/tr.js",
        "locale/th.min.js",
        "locale/th.js",
        "locale/sv.min.js",
        "locale/sv.js",
        "locale/sr.min.js",
        "locale/sr.js",
        "locale/sr-cyrl.min.js",
        "locale/sr-cyrl.js",
        "locale/sq.min.js",
        "locale/sq.js",
        "locale/sl.min.js",
        "locale/sl.js",
        "locale/sk.min.js",
        "locale/sk.js",
        "locale/ru.min.js",
        "locale/ru.js",
        "locale/ro.min.js",
        "locale/ro.js",
        "locale/pt.min.js",
        "locale/pt.js",
        "locale/pt-br.min.js",
        "locale/pt-br.js",
        "locale/pl.min.js",
        "locale/pl.js",
        "locale/nn.min.js",
        "locale/nn.js",
        "locale/nl.min.js",
        "locale/nl.js",
        "locale/nl-be.min.js",
        "locale/nl-be.js",
        "locale/nb.min.js",
        "locale/nb.js",
        "locale/ms.min.js",
        "locale/ms.js",
        "locale/ms-my.min.js",
        "locale/ms-my.js",
        "locale/mk.min.js",
        "locale/mk.js",
        "locale/lv.min.js",
        "locale/lv.js",
        "locale/lt.min.js",
        "locale/lt.js",
        "locale/lb.min.js",
        "locale/lb.js",
        "locale/ko.min.js",
        "locale/ko.js",
        "locale/kk.min.js",
        "locale/kk.js",
        "locale/ka.min.js",
        "locale/ka.js",
        "locale/ja.min.js",
        "locale/ja.js",
        "locale/it.min.js",
        "locale/it.js",
        "locale/is.min.js",
        "locale/is.js",
        "locale/id.min.js",
        "locale/id.js",
        "locale/hu.min.js",
        "locale/hu.js",
        "locale/hr.min.js",
        "locale/hr.js",
        "locale/hi.min.js",
        "locale/hi.js",
        "locale/he.min.js",
        "locale/he.js",
        "locale/gl.min.js",
        "locale/gl.js",
        "locale/fr.min.js",
        "locale/fr.js",
        "locale/fr-ch.min.js",
        "locale/fr-ch.js",
        "locale/fr-ca.min.js",
        "locale/fr-ca.js",
        "locale/fi.min.js",
        "locale/fi.js",
        "locale/fa.min.js",
        "locale/fa.js",
        "locale/eu.min.js",
        "locale/eu.js",
        "locale/et.min.js",
        "locale/et.js",
        "locale/es.min.js",
        "locale/es.js",
        "locale/es-us.min.js",
        "locale/es-us.js",
        "locale/es-do.min.js",
        "locale/es-do.js",
        "locale/en-nz.min.js",
        "locale/en-nz.js",
        "locale/en-ie.min.js",
        "locale/en-ie.js",
        "locale/en-gb.min.js",
        "locale/en-gb.js",
        "locale/en-ca.min.js",
        "locale/en-ca.js",
        "locale/en-au.min.js",
        "locale/en-au.js",
        "locale/el.min.js",
        "locale/el.js",
        "locale/de.min.js",
        "locale/de.js",
        "locale/de-ch.min.js",
        "locale/de-ch.js",
        "locale/de-at.min.js",
        "locale/de-at.js",
        "locale/da.min.js",
        "locale/da.js",
        "locale/cs.min.js",
        "locale/cs.js",
        "locale/ca.min.js",
        "locale/ca.js",
        "locale/bs.min.js",
        "locale/bs.js",
        "locale/bg.min.js",
        "locale/bg.js",
        "locale/be.min.js",
        "locale/be.js",
        "locale/ar.min.js",
        "locale/ar.js",
        "locale/ar-tn.min.js",
        "locale/ar-tn.js",
        "locale/ar-sa.min.js",
        "locale/ar-sa.js",
        "locale/ar-ma.min.js",
        "locale/ar-ma.js",
        "locale/ar-ly.min.js",
        "locale/ar-ly.js",
        "locale/ar-kw.min.js",
        "locale/ar-kw.js",
        "locale/ar-dz.min.js",
        "locale/ar-dz.js",
        "locale/af.min.js",
        "locale/af.js",
        "locale-all.min.js",
        "locale-all.js"
      ]
    },
    {
      "library": "moment.js@2.27.0",
      "destination": "wwwroot/lib/moment.js/",
      "files": [
        "moment.min.js",
        "moment.js",
        "moment.min.js.map"
      ]
    }
  ]
}