{
  "Routes": [
    {
      "DownstreamPathTemplate": "/connect/token",
      "DownstreamScheme": "http",
      "DownstreamHostAndPorts": [
        {
          "Host": "localhost",
          "Port": 49549
        }
      ],
      "UpstreamPathTemplate": "/connect/token",
      "UpstreamHttpMethod": [ "POST" ]
    },
    {
      "DownstreamPathTemplate": "/user/api/v1/{everything}",
      "DownstreamScheme": "http",
      "DownstreamHostAndPorts": [
        {
          "Host": "localhost",
          "Port": 49546
        }
      ],
      "UpstreamPathTemplate": "/user/api/v1/{everything}",
      "UpstreamHttpMethod": [ "GET", "OPTIONS", "PUT", "POST", "DELETE" ]
    },
    {
      "DownstreamPathTemplate": "/notify/api/v1/{everything}",
      "DownstreamScheme": "http",
      "DownstreamHostAndPorts": [
        {
          "Host": "localhost",
          "Port": 49503
        }
      ],
      "UpstreamPathTemplate": "/notify/api/v1/{everything}",
      "UpstreamHttpMethod": [ "GET", "OPTIONS", "PUT", "POST", "DELETE" ]
    }
  ],
  "GlobalConfiguration": {
    "BaseUrl": "http://localhost:60145/"
  }
}
